filename,basename,toolid,toolmode,tool_args,parser_version,runid,start,duration,exit_code,findings,classified_findings,infos,errors,fails
samples/Split1/etherbank.sol,etherbank.sol,confuzzius,solidity,,2022/12/31,20250907_2220,1757285030.0660582,242.46020197868347,0,"{Reentrancy@21,Transaction_Order_Dependency@15}","{FRONT_RUNNING,REENTRANCY,TOD}",{},{},{}
samples/Split1/insecure_transfer.sol,insecure_transfer.sol,confuzzius,solidity,,2022/12/31,20250907_2220,1757285841.2881138,242.50136184692383,0,{},{},{},{},{}
samples/Split1/modifier_reentrancy.sol,modifier_reentrancy.sol,confuzzius,solidity,,2022/12/31,20250907_2220,1757286464.4541445,222.262841463089,0,{Reentrancy@21},{REENTRANCY},{},{},{}
samples/Split1/reentrance.sol,reentrance.sol,confuzzius,solidity,,2022/12/31,20250907_2220,1757286692.1233916,241.95988202095032,0,"{Leaking_Ether@24,Reentrancy@24,Transaction_Order_Dependency@14,Unhandled_Exception@24}","{ARBITRARY_SEND,FRONT_RUNNING,LOW_LEVEL_CALL,REENTRANCY,TOD,UNLOCKED_ETHER}",{},{},{}
samples/Split1/reentrancy_dao.sol,reentrancy_dao.sol,confuzzius,solidity,,2022/12/31,20250907_2220,1757287249.5834658,242.06813025474548,0,"{Reentrancy@18,Transaction_Order_Dependency@25,Transaction_Order_Dependency@26}","{FRONT_RUNNING,REENTRANCY,TOD}",{},{Validation error: Sender account balance cannot afford txn (ignoring for now)},{}
samples/Split1/timelock.sol,timelock.sol,confuzzius,solidity,,2022/12/31,20250907_2220,1757284083.7386587,242.59118700027466,0,"{Block_Dependency@17,Block_Dependency@27,Integer_Overflow@22,Transaction_Order_Dependency@16}","{FRONT_RUNNING,INTEGER_OVERFLOW,OVERFLOW,TOD,WEAK_RANDOMNESS}",{},{Validation error: Sender account balance cannot afford txn (ignoring for now)},{}
samples/Split1/token.sol,token.sol,confuzzius,solidity,,2022/12/31,20250907_2220,1757287684.349269,241.93549180030823,0,"{Integer_Overflow@20,Integer_Overflow@22,Integer_Overflow@23}","{INTEGER_OVERFLOW,OVERFLOW}",{},{},{}
samples/Split3/ERC20.sol,ERC20.sol,confuzzius,solidity,,2022/12/31,20250908_0721,1757317464.6070848,41.78665852546692,0,{},{},{},{},{}
samples/Split3/FindThisHash.sol,FindThisHash.sol,confuzzius,solidity,,2022/12/31,20250908_0721,1757318515.8946352,92.36847615242004,0,{},{},{},{},{}
samples/Split3/eth_tx_order_dependence_minimal.sol,eth_tx_order_dependence_minimal.sol,confuzzius,solidity,,2022/12/31,20250908_0721,1757316083.1593616,92.95637726783752,0,"{Leaking_Ether@31,Transaction_Order_Dependency@24}","{ARBITRARY_SEND,FRONT_RUNNING,TOD,UNLOCKED_ETHER}",{},{},{}
samples/Split3/roulette.sol,roulette.sol,confuzzius,solidity,,2022/12/31,20250908_0721,1757316526.01867,91.61004304885864,0,"{Block_Dependency@18,Block_Dependency@20}",{WEAK_RANDOMNESS},{},{},{}
samples/Split3/unprotected0.sol,unprotected0.sol,confuzzius,solidity,,2022/12/31,20250908_0721,1757317325.32668,92.44735217094421,0,{},{},{},{},{}
samples/Split3/wallet_02_refund_nosub.sol,wallet_02_refund_nosub.sol,confuzzius,solidity,,2022/12/31,20250908_0721,1757317588.5761735,91.66272020339966,0,"{Assertion_Failure@24,Transaction_Order_Dependency@25,Transaction_Order_Dependency@31}","{ASSERT_VIOLATION,FRONT_RUNNING,TOD}",{},{},{}
samples/Split3/wallet_03_wrong_constructor.sol,wallet_03_wrong_constructor.sol,confuzzius,solidity,,2022/12/31,20250908_0721,1757316433.1986284,91.7311315536499,0,"{Assertion_Failure@24,Leaking_Ether@38,Transaction_Order_Dependency@20,Transaction_Order_Dependency@25,Transaction_Order_Dependency@31}","{ARBITRARY_SEND,ASSERT_VIOLATION,FRONT_RUNNING,TOD,UNLOCKED_ETHER}",{},{},{}
samples/Split1/etherbank.sol,etherbank.sol,conkas,solidity,,2022/11/11,20250907_2220,1757286459.7320366,1.7005808353424072,0,"{Reentrancy@21,Transaction_Ordering_Dependence@21}","{FRONT_RUNNING,REENTRANCY,TOD}",{},{},{}
samples/Split1/insecure_transfer.sol,insecure_transfer.sol,conkas,solidity,,2022/11/11,20250907_2220,1757286690.8866374,1.2347829341888428,0,{Integer_Overflow@18},"{INTEGER_OVERFLOW,OVERFLOW}",{},{},{}
samples/Split1/modifier_reentrancy.sol,modifier_reentrancy.sol,conkas,solidity,,2022/11/11,20250907_2220,1757283674.909514,1.4634392261505127,0,"{Reentrancy@21,Reentrancy@47}",{REENTRANCY},{},{},{}
samples/Split1/reentrance.sol,reentrance.sol,conkas,solidity,,2022/11/11,20250907_2220,1757283680.7947483,1.2626023292541504,0,"{Integer_Overflow@14,Reentrancy@24,Unchecked_Low_Level_Call@24}","{INTEGER_OVERFLOW,LOW_LEVEL_CALL,OVERFLOW,REENTRANCY}",{},{},{}
samples/Split1/reentrancy_dao.sol,reentrancy_dao.sol,conkas,solidity,,2022/11/11,20250907_2220,1757285272.5285292,1.734499454498291,0,"{Integer_Overflow@25,Integer_Overflow@26,Integer_Underflow@16,Reentrancy@18,Transaction_Ordering_Dependence@18}","{FRONT_RUNNING,INTEGER_OVERFLOW,OVERFLOW,REENTRANCY,TOD,UNDERFLOW}",{},{},{}
samples/Split1/timelock.sol,timelock.sol,conkas,solidity,,2022/11/11,20250907_2220,1757285824.6304681,2.0394303798675537,0,"{Integer_Overflow@16,Integer_Overflow@17,Integer_Overflow@22,Time_Manipulation@17,Time_Manipulation@27,Transaction_Ordering_Dependence@30}","{BLOCK_DEPENDENCE,FRONT_RUNNING,INTEGER_OVERFLOW,OVERFLOW,TOD}",{},{},{}
samples/Split1/token.sol,token.sol,conkas,solidity,,2022/11/11,20250907_2220,1757287507.1777458,1.1771106719970703,0,"{Integer_Overflow@23,Integer_Underflow@20,Integer_Underflow@22}","{INTEGER_OVERFLOW,OVERFLOW,UNDERFLOW}",{},{},{}
samples/Split3/ERC20.sol,ERC20.sol,conkas,solidity,,2022/11/11,20250908_0721,1757317801.6172092,1.7824351787567139,0,{},{},{},{},{}
samples/Split3/FindThisHash.sol,FindThisHash.sol,conkas,solidity,,2022/11/11,20250908_0721,1757317449.963271,2.994375467300415,0,"{Integer_Overflow@14,Reentrancy@18}","{INTEGER_OVERFLOW,OVERFLOW,REENTRANCY}",{},{},{}
samples/Split3/eth_tx_order_dependence_minimal.sol,eth_tx_order_dependence_minimal.sol,conkas,solidity,,2022/11/11,20250908_0721,1757316327.3150706,1.7045485973358154,0,"{Reentrancy@23,Reentrancy@31,Transaction_Ordering_Dependence@23,Transaction_Ordering_Dependence@31}","{FRONT_RUNNING,REENTRANCY,TOD}",{},{},{}
samples/Split3/roulette.sol,roulette.sol,conkas,solidity,,2022/11/11,20250908_0721,1757317586.7844973,1.0487048625946045,0,"{Time_Manipulation@18,Time_Manipulation@20,Time_Manipulation@21}",{BLOCK_DEPENDENCE},{},{},{}
samples/Split3/unprotected0.sol,unprotected0.sol,conkas,solidity,,2022/11/11,20250908_0721,1757318658.5705283,1.0294482707977295,0,{},{},{},{},{}
samples/Split3/wallet_02_refund_nosub.sol,wallet_02_refund_nosub.sol,conkas,solidity,,2022/11/11,20250908_0721,1757317197.138709,1.8242158889770508,0,"{Integer_Overflow@24,Reentrancy@30,Reentrancy@36,Reentrancy@43,Transaction_Ordering_Dependence@36}","{FRONT_RUNNING,INTEGER_OVERFLOW,OVERFLOW,REENTRANCY,TOD}",{},{},{}
samples/Split3/wallet_03_wrong_constructor.sol,wallet_03_wrong_constructor.sol,conkas,solidity,,2022/11/11,20250908_0721,1757317417.7764628,1.2823448181152344,0,"{Integer_Overflow@24,Reentrancy@30,Reentrancy@38}","{INTEGER_OVERFLOW,OVERFLOW,REENTRANCY}",{},{},{}
samples/Split1/etherbank.sol,etherbank.sol,honeybadger,solidity,,2023/02/27,20250907_2220,1757284326.3346035,1.7149765491485596,0,{},{},{},{},{}
samples/Split1/insecure_transfer.sol,insecure_transfer.sol,honeybadger,solidity,,2023/02/27,20250907_2220,1757286454.1683779,1.9982373714447021,0,{},{},{},{},{}
samples/Split1/modifier_reentrancy.sol,modifier_reentrancy.sol,honeybadger,solidity,,2023/02/27,20250907_2220,1757285771.607621,3.7221338748931885,0,{},{},{},{},{}
samples/Split1/reentrance.sol,reentrance.sol,honeybadger,solidity,,2023/02/27,20250907_2220,1757285778.4443657,1.6319241523742676,0,{Money_flow},{UNCLASSIFIED},{},{},{}
samples/Split1/reentrancy_dao.sol,reentrancy_dao.sol,honeybadger,solidity,,2023/02/27,20250907_2220,1757286171.971443,1.6326713562011719,0,{Money_flow},{UNCLASSIFIED},{},{},{}
samples/Split1/timelock.sol,timelock.sol,honeybadger,solidity,,2023/02/27,20250907_2220,1757283638.998685,1.935389518737793,0,{Money_flow},{UNCLASSIFIED},{},{},{}
samples/Split1/token.sol,token.sol,honeybadger,solidity,,2023/02/27,20250907_2220,1757286999.401626,1.441753625869751,0,{},{},{},{},{}
samples/Split3/ERC20.sol,ERC20.sol,honeybadger,solidity,,2023/02/27,20250908_0721,1757317846.0047188,5.374188184738159,0,{},{},{},{},{}
samples/Split3/FindThisHash.sol,FindThisHash.sol,honeybadger,solidity,,2023/02/27,20250908_0721,1757317228.6224623,14.250149726867676,0,{},{},{},{},{}
samples/Split3/eth_tx_order_dependence_minimal.sol,eth_tx_order_dependence_minimal.sol,honeybadger,solidity,,2023/02/27,20250908_0721,1757317462.818486,1.7879183292388916,0,{Money_flow},{UNCLASSIFIED},{},{},{}
samples/Split3/roulette.sol,roulette.sol,honeybadger,solidity,,2023/02/27,20250908_0721,1757318065.4202335,18.219398498535156,0,{},{},{},{},{}
samples/Split3/unprotected0.sol,unprotected0.sol,honeybadger,solidity,,2023/02/27,20250908_0721,1757318650.7060525,0.9371423721313477,0,{},{},{},{},{}
samples/Split3/wallet_02_refund_nosub.sol,wallet_02_refund_nosub.sol,honeybadger,solidity,,2023/02/27,20250908_0721,1757318090.5512683,3.0806491374969482,0,{Money_flow},{UNCLASSIFIED},{},{},{}
samples/Split3/wallet_03_wrong_constructor.sol,wallet_03_wrong_constructor.sol,honeybadger,solidity,,2023/02/27,20250908_0721,1757318645.160258,3.076780080795288,0,{Money_flow},{UNCLASSIFIED},{},{},{}
samples/Split1/etherbank.sol,etherbank.sol,maian,solidity,,2022/11/11,20250907_2220,1757283640.93484,32.65202260017395,0,"{No_Ether_lock_Ether_refused,No_prodigal_vulnerability_found}",{UNCLASSIFIED},{},{},{}
samples/Split1/insecure_transfer.sol,insecure_transfer.sol,maian,solidity,,2022/11/11,20250907_2220,1757286083.7926815,45.59606122970581,0,"{No_Ether_leak_no_send,No_Ether_lock_Ether_refused,Not_destructible_no_self_destruct}","{SUICIDAL,UNCLASSIFIED,UNLOCKED_ETHER}",{},{},{}
samples/Split1/modifier_reentrancy.sol,modifier_reentrancy.sol,maian,solidity,,2022/11/11,20250907_2220,1757287517.2238016,115.23558688163757,0,"{No_Ether_leak_no_send,No_Ether_lock_Ether_refused,No_prodigal_vulnerability_found,Not_destructible_no_self_destruct}","{SUICIDAL,UNCLASSIFIED,UNLOCKED_ETHER}",{},{},{}
samples/Split1/reentrance.sol,reentrance.sol,maian,solidity,,2022/11/11,20250907_2220,1757284996.9935014,31.66144037246704,0,"{No_prodigal_vulnerability_found,Not_destructible_no_self_destruct}","{SUICIDAL,UNCLASSIFIED}",{},{},{}
samples/Split1/reentrancy_dao.sol,reentrancy_dao.sol,maian,solidity,,2022/11/11,20250907_2220,1757283726.2672095,30.807488203048706,0,"{No_prodigal_vulnerability_found,Not_destructible_no_self_destruct}","{SUICIDAL,UNCLASSIFIED}",{},{},{}
samples/Split1/timelock.sol,timelock.sol,maian,solidity,,2022/11/11,20250907_2220,1757284371.8687713,31.578617334365845,0,"{No_prodigal_vulnerability_found,Not_destructible_no_self_destruct}","{SUICIDAL,UNCLASSIFIED}",{},{},{}
samples/Split1/token.sol,token.sol,maian,solidity,,2022/11/11,20250907_2220,1757284041.7956798,36.349427223205566,0,"{No_Ether_leak_no_send,No_Ether_lock_Ether_refused,Not_destructible_no_self_destruct}","{SUICIDAL,UNCLASSIFIED,UNLOCKED_ETHER}",{},{},{}
samples/Split3/ERC20.sol,ERC20.sol,maian,solidity,,2022/11/11,20250908_0721,1757316973.1518185,74.87210822105408,0,"{No_Ether_leak_no_send,No_Ether_lock_Ether_refused,Not_destructible_no_self_destruct}","{SUICIDAL,UNCLASSIFIED,UNLOCKED_ETHER}",{},{},{}
samples/Split3/FindThisHash.sol,FindThisHash.sol,maian,solidity,,2022/11/11,20250908_0721,1757317198.9634922,29.65804886817932,0,"{No_Ether_lock_Ether_refused,No_prodigal_vulnerability_found,Not_destructible_no_self_destruct}","{SUICIDAL,UNCLASSIFIED}",{},{},{}
samples/Split3/eth_tx_order_dependence_minimal.sol,eth_tx_order_dependence_minimal.sol,maian,solidity,,2022/11/11,20250908_0721,1757317803.4020445,42.60148072242737,0,"{No_Ether_lock_Ether_refused,No_prodigal_vulnerability_found,Not_destructible_no_self_destruct}","{SUICIDAL,UNCLASSIFIED}",{},{Unknown operation},{}
samples/Split3/roulette.sol,roulette.sol,maian,solidity,,2022/11/11,20250908_0721,1757317419.0595336,30.902944564819336,0,"{No_Ether_lock_Ether_refused,No_prodigal_vulnerability_found,Not_destructible_no_self_destruct}","{SUICIDAL,UNCLASSIFIED}",{},{},{}
samples/Split3/unprotected0.sol,unprotected0.sol,maian,solidity,,2022/11/11,20250908_0721,1757318610.2110977,31.590625047683716,0,"{No_Ether_lock_Ether_refused,No_prodigal_vulnerability_found}",{UNCLASSIFIED},{},{},{}
samples/Split3/wallet_02_refund_nosub.sol,wallet_02_refund_nosub.sol,maian,solidity,,2022/11/11,20250908_0721,1757317682.5201037,30.915534496307373,0,"{No_prodigal_vulnerability_found,Not_destructible_no_self_destruct}","{SUICIDAL,UNCLASSIFIED}",{},{Unknown operation},{}
samples/Split3/wallet_03_wrong_constructor.sol,wallet_03_wrong_constructor.sol,maian,solidity,,2022/11/11,20250908_0721,1757318204.324534,47.138163566589355,0,"{Ether_leak_verified,Not_destructible_no_self_destruct}","{ARBITRARY_SEND,SUICIDAL,UNLOCKED_ETHER}",{},{Unknown operation},{}
samples/Split1/etherbank.sol,etherbank.sol,manticore-0.3.7,solidity,,2022/11/17,20250907_2220,1757285826.6711714,14.615703344345093,0,{},{},{},{},"{exception (manticore.core.state.Concretize),exception (manticore.exceptions.ManticoreError: Forking on unfeasible constraint set)}"
samples/Split1/insecure_transfer.sol,insecure_transfer.sol,manticore-0.3.7,solidity,,2022/11/17,20250907_2220,1757283687.0377007,14.882186651229858,0,{},{},{},{},{}
samples/Split1/modifier_reentrancy.sol,modifier_reentrancy.sol,manticore-0.3.7,solidity,,2022/11/17,20250907_2220,1757287491.6606042,15.516313076019287,0,{},{},{},{},"{exception (manticore.core.state.Concretize),exception (manticore.exceptions.ManticoreError: Forking on unfeasible constraint set)}"
samples/Split1/reentrance.sol,reentrance.sol,manticore-0.3.7,solidity,,2022/11/17,20250907_2220,1757286934.0884857,65.31120538711548,0,{},{},{},{},{}
samples/Split1/reentrancy_dao.sol,reentrancy_dao.sol,manticore-0.3.7,solidity,,2022/11/17,20250907_2220,1757286134.178367,37.78831481933594,0,{},{},{},{},{}
samples/Split1/timelock.sol,timelock.sol,manticore-0.3.7,solidity,,2022/11/17,20250907_2220,1757284410.6112576,260.7728931903839,,{},{},{},{},{DOCKER_TIMEOUT}
samples/Split1/token.sol,token.sol,manticore-0.3.7,solidity,,2022/11/17,20250907_2220,1757287926.2862833,114.41064095497131,0,{},{},{},{},{}
samples/Split3/ERC20.sol,ERC20.sol,manticore-0.3.7,solidity,,2022/11/17,20250908_0721,1757317954.7544281,110.66476845741272,,{},{},{},{},{DOCKER_TIMEOUT}
samples/Split3/FindThisHash.sol,FindThisHash.sol,manticore-0.3.7,solidity,,2022/11/17,20250908_0721,1757318093.6332028,110.69058966636658,,{},{},{},{},{DOCKER_TIMEOUT}
samples/Split3/eth_tx_order_dependence_minimal.sol,eth_tx_order_dependence_minimal.sol,manticore-0.3.7,solidity,,2022/11/17,20250908_0721,1757317183.2346404,13.90263032913208,0,{},{},{},{},"{exception (manticore.core.state.Concretize),exception (manticore.exceptions.ManticoreError: Forking on unfeasible constraint set)}"
samples/Split3/roulette.sol,roulette.sol,manticore-0.3.7,solidity,,2022/11/17,20250908_0721,1757318088.2939687,2.25640869140625,0,{},{},{},{},"{exception (manticore.core.state.Concretize),exception (manticore.exceptions.ManticoreError: Forking on unfeasible constraint set)}"
samples/Split3/unprotected0.sol,unprotected0.sol,manticore-0.3.7,solidity,,2022/11/17,20250908_0721,1757316898.4663699,5.286168813705444,0,{},{},{},{},{}
samples/Split3/wallet_02_refund_nosub.sol,wallet_02_refund_nosub.sol,manticore-0.3.7,solidity,,2022/11/17,20250908_0721,1757318450.3832338,65.50955581665039,0,{},{},{},{},{}
samples/Split3/wallet_03_wrong_constructor.sol,wallet_03_wrong_constructor.sol,manticore-0.3.7,solidity,,2022/11/17,20250908_0721,1757316214.9922192,110.7247097492218,,{},{},{},{},{DOCKER_TIMEOUT}
samples/Split1/etherbank.sol,etherbank.sol,mythril-0.24.7,solidity,,2024/03/24,20250907_2220,1757283703.9100215,16.454190969467163,1,"{External_Call_To_User_Supplied_Address_SWC_107@21,State_access_after_external_call_SWC_107@22,Transaction_Order_Dependence_SWC_114@21}","{DOS_GAS_LIMIT,FRONT_RUNNING,REENTRANCY,TOD}",{},{},{}
samples/Split1/insecure_transfer.sol,insecure_transfer.sol,mythril-0.24.7,solidity,,2024/03/24,20250907_2220,1757287673.8986065,9.133991718292236,0,{},{},{},{},{}
samples/Split1/modifier_reentrancy.sol,modifier_reentrancy.sol,mythril-0.24.7,solidity,,2024/03/24,20250907_2220,1757287632.462504,36.87972974777222,1,"{External_Call_To_User_Supplied_Address_SWC_107@21,External_Call_To_User_Supplied_Address_SWC_107@42,External_Call_To_User_Supplied_Address_SWC_107@47,State_access_after_external_call_SWC_107@16}","{DOS_GAS_LIMIT,REENTRANCY}",{},{},{}
samples/Split1/reentrance.sol,reentrance.sol,mythril-0.24.7,solidity,,2024/03/24,20250907_2220,1757284922.4632256,74.52940845489502,1,"{External_Call_To_User_Supplied_Address_SWC_107@24,State_access_after_external_call_SWC_107@27,Unchecked_return_value_from_external_call_SWC_104@24,Unprotected_Ether_Withdrawal_SWC_105@24}","{ARBITRARY_SEND,DOS_GAS_LIMIT,LOW_LEVEL_CALL,REENTRANCY,UNLOCKED_ETHER}",{},{},{}
samples/Split1/reentrancy_dao.sol,reentrancy_dao.sol,mythril-0.24.7,solidity,,2024/03/24,20250907_2220,1757284006.019426,30.835649967193604,1,"{External_Call_To_User_Supplied_Address_SWC_107@18,State_access_after_external_call_SWC_107@20,Transaction_Order_Dependence_SWC_114@18}","{DOS_GAS_LIMIT,FRONT_RUNNING,REENTRANCY,TOD}",{},{},{}
samples/Split1/timelock.sol,timelock.sol,mythril-0.24.7,solidity,,2024/03/24,20250907_2220,1757284335.0160253,36.85200023651123,1,"{Dependence_on_predictable_environment_variable_SWC_116@27,Transaction_Order_Dependence_SWC_114@30}","{BLOCK_DEPENDENCE,FRONT_RUNNING,TOD}",{},{},{}
samples/Split1/token.sol,token.sol,mythril-0.24.7,solidity,,2024/03/24,20250907_2220,1757286189.411544,18.63455581665039,1,"{Integer_Arithmetic_Bugs_SWC_101@20,Integer_Arithmetic_Bugs_SWC_101@22,Integer_Arithmetic_Bugs_SWC_101@23}","{INTEGER_OVERFLOW,OVERFLOW,UNDERFLOW}",{},{},{}
samples/Split3/ERC20.sol,ERC20.sol,mythril-0.24.7,solidity,,2024/03/24,20250908_0721,1757317508.3201246,78.4631872177124,0,{},{},{},{},{}
samples/Split3/FindThisHash.sol,FindThisHash.sol,mythril-0.24.7,solidity,,2024/03/24,20250908_0721,1757316876.4375505,17.5193350315094,0,{},{},{},{},{}
samples/Split3/eth_tx_order_dependence_minimal.sol,eth_tx_order_dependence_minimal.sol,mythril-0.24.7,solidity,,2024/03/24,20250908_0721,1757316905.319909,20.369967460632324,1,"{Transaction_Order_Dependence_SWC_114@31,Unprotected_Ether_Withdrawal_SWC_105@31}","{ARBITRARY_SEND,FRONT_RUNNING,TOD,UNLOCKED_ETHER}",{},{},{}
samples/Split3/roulette.sol,roulette.sol,mythril-0.24.7,solidity,,2024/03/24,20250908_0721,1757317050.9003253,86.39069437980652,1,"{Dependence_on_predictable_environment_variable_SWC_116@18,Dependence_on_predictable_environment_variable_SWC_116@21,Transaction_Order_Dependence_SWC_114@22,Unprotected_Ether_Withdrawal_SWC_105@22}","{ARBITRARY_SEND,BLOCK_DEPENDENCE,FRONT_RUNNING,TOD,UNLOCKED_ETHER}",{},{},{}
samples/Split3/unprotected0.sol,unprotected0.sol,mythril-0.24.7,solidity,,2024/03/24,20250908_0721,1757317452.958229,7.662487983703613,0,{},{},{},{},{}
samples/Split3/wallet_02_refund_nosub.sol,wallet_02_refund_nosub.sol,mythril-0.24.7,solidity,,2024/03/24,20250908_0721,1757317246.8081462,78.51697611808777,1,"{Exception_State_SWC_110@23,Transaction_Order_Dependence_SWC_114@36}","{ASSERT_VIOLATION,FRONT_RUNNING,TOD}",{},{},{}
samples/Split3/wallet_03_wrong_constructor.sol,wallet_03_wrong_constructor.sol,mythril-0.24.7,solidity,,2024/03/24,20250908_0721,1757317138.6012194,42.10600709915161,1,"{Exception_State_SWC_110@23,Transaction_Order_Dependence_SWC_114@38}","{ASSERT_VIOLATION,FRONT_RUNNING,TOD}",{},{},{}
samples/Split1/etherbank.sol,etherbank.sol,osiris,solidity,,2023/02/27,20250907_2220,1757283720.3653886,1.1271941661834717,0,{Reentrancy_bug@21},{REENTRANCY},{},{},{}
samples/Split1/insecure_transfer.sol,insecure_transfer.sol,osiris,solidity,,2023/02/27,20250907_2220,1757284333.7397768,1.2752313613891602,0,{Overflow_bugs@18},"{INTEGER_OVERFLOW,OVERFLOW}",{},{},{}
samples/Split1/modifier_reentrancy.sol,modifier_reentrancy.sol,osiris,solidity,,2023/02/27,20250907_2220,1757286686.723856,1.8180153369903564,0,{},{},{},{},{}
samples/Split1/reentrance.sol,reentrance.sol,osiris,solidity,,2023/02/27,20250907_2220,1757284671.3849669,2.127119302749634,0,"{Callstack_bug@24,Overflow_bugs@14,Reentrancy_bug@24,Underflow_bugs@27}","{DOS_GAS_LIMIT,INTEGER_OVERFLOW,OVERFLOW,REENTRANCY,UNDERFLOW}",{},{},{}
samples/Split1/reentrancy_dao.sol,reentrancy_dao.sol,osiris,solidity,,2023/02/27,20250907_2220,1757283725.0581234,1.207643747329712,0,"{Callstack_bug@18,Overflow_bugs@25,Overflow_bugs@26,Reentrancy_bug@18,Underflow_bugs@16}","{DOS_GAS_LIMIT,INTEGER_OVERFLOW,OVERFLOW,REENTRANCY,UNDERFLOW}",{},{},{}
samples/Split1/timelock.sol,timelock.sol,osiris,solidity,,2023/02/27,20250907_2220,1757287672.0816283,1.815678358078003,0,"{Overflow_bugs@16,Overflow_bugs@22,Time_dependency_bug@27}","{BLOCK_DEPENDENCE,INTEGER_OVERFLOW,OVERFLOW}",{},{},{}
samples/Split1/token.sol,token.sol,osiris,solidity,,2023/02/27,20250907_2220,1757286132.4579723,1.7194464206695557,0,"{Overflow_bugs@23,Underflow_bugs@20,Underflow_bugs@22}","{INTEGER_OVERFLOW,OVERFLOW,UNDERFLOW}",{},{},{}
samples/Split3/ERC20.sol,ERC20.sol,osiris,solidity,,2023/02/27,20250908_0721,1757316971.4993622,1.6514620780944824,0,{},{},{},{},{}
samples/Split3/FindThisHash.sol,FindThisHash.sol,osiris,solidity,,2023/02/27,20250908_0721,1757316928.9367926,42.561835050582886,0,{},{},{},{},{}
samples/Split3/eth_tx_order_dependence_minimal.sol,eth_tx_order_dependence_minimal.sol,osiris,solidity,,2023/02/27,20250908_0721,1757316925.6926682,1.827406406402588,0,"{Concurrency_bug@23,Concurrency_bug@31}","{FRONT_RUNNING,TOD}",{},{},{}
samples/Split3/roulette.sol,roulette.sol,osiris,solidity,,2023/02/27,20250908_0721,1757316927.5207658,1.4150657653808594,0,{},{},{},{},{}
samples/Split3/unprotected0.sol,unprotected0.sol,osiris,solidity,,2023/02/27,20250908_0721,1757316211.992654,1.5224392414093018,0,{},{},{},{},{}
samples/Split3/wallet_02_refund_nosub.sol,wallet_02_refund_nosub.sol,osiris,solidity,,2023/02/27,20250908_0721,1757317137.291894,1.3086891174316406,0,"{Concurrency_bug@30,Concurrency_bug@43}","{FRONT_RUNNING,TOD}",{},{},{}
samples/Split3/wallet_03_wrong_constructor.sol,wallet_03_wrong_constructor.sol,osiris,solidity,,2023/02/27,20250908_0721,1757317794.3026025,1.8846218585968018,0,"{Concurrency_bug@30,Concurrency_bug@38}","{FRONT_RUNNING,TOD}",{},{},{}
samples/Split1/etherbank.sol,etherbank.sol,oyente,solidity,,2023/02/27,20250907_2220,1757283637.0748334,1.9229354858398438,1,{Re_Entrancy_Vulnerability@21},{REENTRANCY},{},{},{}
samples/Split1/insecure_transfer.sol,insecure_transfer.sol,oyente,solidity,,2023/02/27,20250907_2220,1757283676.3737023,1.93695068359375,0,{Integer_Overflow@18},"{INTEGER_OVERFLOW,OVERFLOW}",{},{},{}
samples/Split1/modifier_reentrancy.sol,modifier_reentrancy.sol,oyente,solidity,,2023/02/27,20250907_2220,1757286129.389809,3.0666747093200684,0,"{Integer_Overflow@32,Integer_Overflow@39,Integer_Underflow@33,Integer_Underflow@44}","{INTEGER_OVERFLOW,OVERFLOW,UNDERFLOW}",{},{},{}
samples/Split1/reentrance.sol,reentrance.sol,oyente,solidity,,2023/02/27,20250907_2220,1757283701.92133,1.9879233837127686,1,"{Callstack_Depth_Attack_Vulnerability@24,Integer_Overflow@14,Re_Entrancy_Vulnerability@24}","{DOS_GAS_LIMIT,INTEGER_OVERFLOW,OVERFLOW,REENTRANCY}",{},{},{}
samples/Split1/reentrancy_dao.sol,reentrancy_dao.sol,oyente,solidity,,2023/02/27,20250907_2220,1757284040.074202,1.7205467224121094,1,"{Callstack_Depth_Attack_Vulnerability@18,Integer_Overflow@25,Re_Entrancy_Vulnerability@18}","{DOS_GAS_LIMIT,INTEGER_OVERFLOW,OVERFLOW,REENTRANCY}",{},{},{}
samples/Split1/timelock.sol,timelock.sol,oyente,solidity,,2023/02/27,20250907_2220,1757283633.8093824,3.264472484588623,1,"{Integer_Overflow@22,Timestamp_Dependency@27}","{BLOCK_DEPENDENCE,INTEGER_OVERFLOW,OVERFLOW}",{},{},{}
samples/Split1/token.sol,token.sol,oyente,solidity,,2023/02/27,20250907_2220,1757284081.591297,2.146580696105957,0,"{Integer_Overflow@23,Integer_Underflow@22}","{INTEGER_OVERFLOW,OVERFLOW,UNDERFLOW}",{},{},{}
samples/Split3/ERC20.sol,ERC20.sol,oyente,solidity,,2023/02/27,20250908_0721,1757316893.9593153,4.505525588989258,0,{},{},{},{},{}
samples/Split3/FindThisHash.sol,FindThisHash.sol,oyente,solidity,,2023/02/27,20250908_0721,1757318083.6402857,1.4368529319763184,0,{Integer_Overflow@14},"{INTEGER_OVERFLOW,OVERFLOW}",{},{},{}
samples/Split3/eth_tx_order_dependence_minimal.sol,eth_tx_order_dependence_minimal.sol,oyente,solidity,,2023/02/27,20250908_0721,1757317048.0253747,1.617337703704834,1,{Transaction_Ordering_Dependence_TOD},"{FRONT_RUNNING,TOD}",{},{},{}
samples/Split3/roulette.sol,roulette.sol,oyente,solidity,,2023/02/27,20250908_0721,1757316672.8609986,2.550825595855713,0,{},{},{},{},{}
samples/Split3/unprotected0.sol,unprotected0.sol,oyente,solidity,,2023/02/27,20250908_0721,1757318653.7263577,1.1492643356323242,0,{},{},{},{},{}
samples/Split3/wallet_02_refund_nosub.sol,wallet_02_refund_nosub.sol,oyente,solidity,,2023/02/27,20250908_0721,1757317951.9433463,2.8094749450683594,1,"{Integer_Overflow@24,Transaction_Ordering_Dependence_TOD}","{FRONT_RUNNING,INTEGER_OVERFLOW,OVERFLOW,TOD}",{},{},{}
samples/Split3/wallet_03_wrong_constructor.sol,wallet_03_wrong_constructor.sol,oyente,solidity,,2023/02/27,20250908_0721,1757318608.2645826,1.945610761642456,1,"{Integer_Overflow@24,Transaction_Ordering_Dependence_TOD}","{FRONT_RUNNING,INTEGER_OVERFLOW,OVERFLOW,TOD}",{},{},{}
samples/Split1/etherbank.sol,etherbank.sol,securify,solidity,,2022/11/17,20250907_2220,1757287508.3558884,3.821448564529419,0,"{DAO,MissingInputValidation}","{MISSING_INPUT_VALIDATION,OVERFLOW,REENTRANCY}",{},{},{}
samples/Split1/insecure_transfer.sol,insecure_transfer.sol,securify,solidity,,2022/11/17,20250907_2220,1757284078.145798,3.4449167251586914,0,{MissingInputValidation},"{MISSING_INPUT_VALIDATION,OVERFLOW}",{},{},{}
samples/Split1/modifier_reentrancy.sol,modifier_reentrancy.sol,securify,solidity,,2022/11/17,20250907_2220,1757289382.266839,328.3565104007721,,{},{},{analysis incomplete},{},{DOCKER_TIMEOUT}
samples/Split1/reentrance.sol,reentrance.sol,securify,solidity,,2022/11/17,20250907_2220,1757286173.6049702,7.4427714347839355,0,"{DAO,MissingInputValidation,UnhandledException}","{ASSERT_VIOLATION,LOW_LEVEL_CALL,MISSING_INPUT_VALIDATION,OVERFLOW,REENTRANCY}",{},{},{}
samples/Split1/reentrancy_dao.sol,reentrancy_dao.sol,securify,solidity,,2022/11/17,20250907_2220,1757284407.2620606,3.348435640335083,0,{DAO},{REENTRANCY},{},{},{}
samples/Split1/timelock.sol,timelock.sol,securify,solidity,,2022/11/17,20250907_2220,1757285780.0770795,44.461726903915405,0,{MissingInputValidation},"{MISSING_INPUT_VALIDATION,OVERFLOW}",{},{},{}
samples/Split1/token.sol,token.sol,securify,solidity,,2022/11/17,20250907_2220,1757287513.8870275,3.335616111755371,0,{MissingInputValidation},"{MISSING_INPUT_VALIDATION,OVERFLOW}",{},{},{}
samples/Split3/ERC20.sol,ERC20.sol,securify,solidity,,2022/11/17,20250908_0721,1757316176.1170337,35.87480044364929,0,{},{},{},{},{}
samples/Split3/FindThisHash.sol,FindThisHash.sol,securify,solidity,,2022/11/17,20250908_0721,1757317715.6277668,3.364647150039673,0,{UnrestrictedEtherFlow},"{ARBITRARY_SEND,UNLOCKED_ETHER}",{},{},{}
samples/Split3/eth_tx_order_dependence_minimal.sol,eth_tx_order_dependence_minimal.sol,securify,solidity,,2022/11/17,20250908_0721,1757317718.9931805,37.782920837402344,0,"{DAOConstantGas,TODAmount,TODReceiver,TODTransfer}","{FRONT_RUNNING,GREEDY_CONTRACT,REENTRANCY,TOD}",{},{},{}
samples/Split3/roulette.sol,roulette.sol,securify,solidity,,2022/11/17,20250908_0721,1757316524.9307034,1.0870332717895508,0,{},{},{},{},{}
samples/Split3/unprotected0.sol,unprotected0.sol,securify,solidity,,2022/11/17,20250908_0721,1757316325.7176309,1.5967066287994385,0,{MissingInputValidation},"{MISSING_INPUT_VALIDATION,OVERFLOW}",{},{},{}
samples/Split3/wallet_02_refund_nosub.sol,wallet_02_refund_nosub.sol,securify,solidity,,2022/11/17,20250908_0721,1757316618.454285,54.344435930252075,137,"{DAOConstantGas,MissingInputValidation,TODAmount}","{FRONT_RUNNING,GREEDY_CONTRACT,MISSING_INPUT_VALIDATION,OVERFLOW,REENTRANCY,TOD}",{analysis incomplete},{},{DOCKER_KILL_OOM}
samples/Split3/wallet_03_wrong_constructor.sol,wallet_03_wrong_constructor.sol,securify,solidity,,2022/11/17,20250908_0721,1757317756.7782397,37.511462688446045,0,"{DAOConstantGas,MissingInputValidation,TODAmount,TODTransfer}","{FRONT_RUNNING,GREEDY_CONTRACT,MISSING_INPUT_VALIDATION,OVERFLOW,REENTRANCY,TOD}",{},{},{}
samples/Split1/etherbank.sol,etherbank.sol,semgrep,solidity,,2023/08/21,20250907_2220,1757283721.4932203,2.451845169067383,0,{},{},{},{},{}
samples/Split1/insecure_transfer.sol,insecure_transfer.sol,semgrep,solidity,,2023/08/21,20250907_2220,1757286688.5426617,2.3434064388275146,0,{},{},{},{},{}
samples/Split1/modifier_reentrancy.sol,modifier_reentrancy.sol,semgrep,solidity,,2023/08/21,20250907_2220,1757287669.3437238,2.736995220184326,0,{},{},{},{},{}
samples/Split1/reentrance.sol,reentrance.sol,semgrep,solidity,,2023/08/21,20250907_2220,1757283683.2191951,3.8177506923675537,0,{},{},{},{},{}
samples/Split1/reentrancy_dao.sol,reentrancy_dao.sol,semgrep,solidity,,2023/08/21,20250907_2220,1757286184.0723603,3.6043083667755127,0,{inefficient_state_variable_increment@26},{UNCLASSIFIED},{},{},{}
samples/Split1/timelock.sol,timelock.sol,semgrep,solidity,,2023/08/21,20250907_2220,1757286456.1676724,3.561713695526123,0,{},{},{},{},{}
samples/Split1/token.sol,token.sol,semgrep,solidity,,2023/08/21,20250907_2220,1757284329.1659997,3.2768824100494385,0,{},{},{},{},{}
samples/Split3/ERC20.sol,ERC20.sol,semgrep,solidity,,2023/08/21,20250908_0721,1757316774.4579356,3.226564407348633,0,"{non_payable_constructor@86,non_payable_constructor@87,non_payable_constructor@88}",{UNCLASSIFIED},{},{},{}
samples/Split3/FindThisHash.sol,FindThisHash.sol,semgrep,solidity,,2023/08/21,20250908_0721,1757316426.8083394,3.3271396160125732,0,{},{},{},{},{}
samples/Split3/eth_tx_order_dependence_minimal.sol,eth_tx_order_dependence_minimal.sol,semgrep,solidity,,2023/08/21,20250908_0721,1757318651.644225,2.081301212310791,0,{},{},{},{},{}
samples/Split3/roulette.sol,roulette.sol,semgrep,solidity,,2023/08/21,20250908_0721,1757318648.2377777,2.467381715774536,0,{},{},{},{},{}
samples/Split3/unprotected0.sol,unprotected0.sol,semgrep,solidity,,2023/08/21,20250908_0721,1757318085.077959,3.215200662612915,0,{},{},{},{},{}
samples/Split3/wallet_02_refund_nosub.sol,wallet_02_refund_nosub.sol,semgrep,solidity,,2023/08/21,20250908_0721,1757317460.6217906,2.1959400177001953,0,"{non_payable_constructor@19,non_payable_constructor@20,non_payable_constructor@21}",{UNCLASSIFIED},{},{},{}
samples/Split3/wallet_03_wrong_constructor.sol,wallet_03_wrong_constructor.sol,semgrep,solidity,,2023/08/21,20250908_0721,1757318641.8025308,2.300586223602295,0,{},{},{},{},{}
samples/Split1/etherbank.sol,etherbank.sol,sfuzz,solidity,,2023/03/02,20250907_2220,1757285522.8864462,248.72041416168213,0,{Reentrancy},{REENTRANCY},{},{},{}
samples/Split1/insecure_transfer.sol,insecure_transfer.sol,sfuzz,solidity,,2023/03/02,20250907_2220,1757285274.2639825,248.62152457237244,0,{},{},{},{},{}
samples/Split1/modifier_reentrancy.sol,modifier_reentrancy.sol,sfuzz,solidity,,2023/03/02,20250907_2220,1757286209.3334658,244.80169439315796,0,{Reentrancy},{REENTRANCY},{},{},{}
samples/Split1/reentrance.sol,reentrance.sol,sfuzz,solidity,,2023/03/02,20250907_2220,1757284673.5127306,248.94952845573425,0,"{Exception_Disorder,Reentrancy}","{LOW_LEVEL_CALL,REENTRANCY}",{},{},{}
samples/Split1/reentrancy_dao.sol,reentrancy_dao.sol,sfuzz,solidity,,2023/03/02,20250907_2220,1757283757.0772982,248.94146943092346,0,{},{},{},{},{}
samples/Split1/timelock.sol,timelock.sol,sfuzz,solidity,,2023/03/02,20250907_2220,1757288040.6986907,248.6750123500824,0,"{Gasless_Send,Integer_Overflow,Timestamp_Dependency}","{BLOCK_DEPENDENCE,INTEGER_OVERFLOW,OVERFLOW,UNCLASSIFIED}",{},{},{}
samples/Split1/token.sol,token.sol,sfuzz,solidity,,2023/03/02,20250907_2220,1757287000.8443599,248.73781824111938,0,"{Integer_Overflow,Integer_Underflow}","{INTEGER_OVERFLOW,OVERFLOW,UNDERFLOW}",{},{},{}
samples/Split3/ERC20.sol,ERC20.sol,sfuzz,solidity,,2023/03/02,20250908_0721,1757316329.961157,96.84610104560852,0,{},{},{},{},{}
samples/Split3/FindThisHash.sol,FindThisHash.sol,sfuzz,solidity,,2023/03/02,20250908_0721,1757316777.685507,98.75016593933105,0,{Integer_Underflow},"{INTEGER_OVERFLOW,OVERFLOW,UNDERFLOW}",{},{},{}
samples/Split3/eth_tx_order_dependence_minimal.sol,eth_tx_order_dependence_minimal.sol,sfuzz,solidity,,2023/03/02,20250908_0721,1757318351.572038,98.80989384651184,0,{Gasless_Send},{UNCLASSIFIED},{},{},{}
samples/Split3/roulette.sol,roulette.sol,sfuzz,solidity,,2023/03/02,20250908_0721,1757316329.0203483,0.9400575160980225,139,{},{},{},{},"{DOCKER_SEGV,exception (Segmentation fault)}"
samples/Split3/unprotected0.sol,unprotected0.sol,sfuzz,solidity,,2023/03/02,20250908_0721,1757317851.3812292,98.99706172943115,0,{},{},{},{},{}
samples/Split3/wallet_02_refund_nosub.sol,wallet_02_refund_nosub.sol,sfuzz,solidity,,2023/03/02,20250908_0721,1757316675.4133635,99.04332089424133,0,{Gasless_Send},{UNCLASSIFIED},{},{},{}
samples/Split3/wallet_03_wrong_constructor.sol,wallet_03_wrong_constructor.sol,sfuzz,solidity,,2023/03/02,20250908_0721,1757318251.4633224,98.72107267379761,0,{Gasless_Send},{UNCLASSIFIED},{},{},{}
samples/Split1/etherbank.sol,etherbank.sol,slither-0.10.4,solidity,,2024/04/30,20250907_2220,1757286208.0475786,1.2846591472625732,255,"{deprecated_standards@21,low_level_calls@18,reentrancy_eth@18,solc_version,solc_version@7}","{BLOCK_DEPENDENCE,DELEGATECALL,DEPRECATED_FUNCTION,INTEGER_OVERFLOW,LOW_LEVEL_CALL,OUTDATED_COMPILER,OVERFLOW,REENTRANCY}",{},{},{}
samples/Split1/insecure_transfer.sol,insecure_transfer.sol,slither-0.10.4,solidity,,2024/04/30,20250907_2220,1757284036.8561094,0.9477267265319824,255,"{erc20_interface@9,naming_convention@13,solc_version,solc_version@7}","{BLOCK_DEPENDENCE,DELEGATECALL,INTEGER_OVERFLOW,OUTDATED_COMPILER,OVERFLOW}",{},{},{}
samples/Split1/modifier_reentrancy.sol,modifier_reentrancy.sol,slither-0.10.4,solidity,,2024/04/30,20250907_2220,1757285028.6556032,1.4096803665161133,255,"{naming_convention@37,reentrancy_no_eth@15,solc_version,solc_version@7,unused_state@11}","{BLOCK_DEPENDENCE,INTEGER_OVERFLOW,OUTDATED_COMPILER,OVERFLOW,REENTRANCY,UNUSED_STATE_VARIABLE}",{},{},{}
samples/Split1/reentrance.sol,reentrance.sol,slither-0.10.4,solidity,,2024/04/30,20250907_2220,1757284406.3291123,0.9317820072174072,255,"{low_level_calls@21,naming_convention@13,naming_convention@17,naming_convention@21,redundant_statements@25,reentrancy_eth@21,solc_version,solc_version@7}","{BLOCK_DEPENDENCE,INTEGER_OVERFLOW,LOW_LEVEL_CALL,OUTDATED_COMPILER,OVERFLOW,REENTRANCY,UNCLASSIFIED}",{},{},{}
samples/Split1/reentrancy_dao.sol,reentrancy_dao.sol,slither-0.10.4,solidity,,2024/04/30,20250907_2220,1757284037.805465,1.1254236698150635,255,"{low_level_calls@13,reentrancy_eth@13,solc_version,solc_version@7}","{BLOCK_DEPENDENCE,INTEGER_OVERFLOW,LOW_LEVEL_CALL,OUTDATED_COMPILER,OVERFLOW,REENTRANCY}",{},{},{}
samples/Split1/timelock.sol,timelock.sol,slither-0.10.4,solidity,,2024/04/30,20250907_2220,1757284332.4435503,1.295518398284912,255,"{naming_convention@20,solc_version,solc_version@8,timestamp@25}","{BLOCK_DEPENDENCE,DELEGATECALL,INTEGER_OVERFLOW,OUTDATED_COMPILER,OVERFLOW,UNCLASSIFIED}",{},{},{}
samples/Split1/token.sol,token.sol,slither-0.10.4,solidity,,2024/04/30,20250907_2220,1757287683.034971,1.3135735988616943,255,"{naming_convention@18,naming_convention@27,solc_version,solc_version@7,tautology@18}","{BLOCK_DEPENDENCE,INTEGER_OVERFLOW,OUTDATED_COMPILER,OVERFLOW,UNCLASSIFIED}",{},{},{}
samples/Split3/ERC20.sol,ERC20.sol,slither-0.10.4,solidity,,2024/04/30,20250908_0721,1757317180.7090359,1.5192594528198242,255,"{constable_states@84,solc_version,solc_version@7,unused_state@84}","{BLOCK_DEPENDENCE,INTEGER_OVERFLOW,OUTDATED_COMPILER,OVERFLOW,UNCLASSIFIED,UNUSED_STATE_VARIABLE}",{},{},{}
samples/Split3/FindThisHash.sol,FindThisHash.sol,slither-0.10.4,solidity,,2024/04/30,20250908_0721,1757317245.9492905,0.8578662872314453,255,"{arbitrary_send_eth@14,deprecated_standards@17,external_function@14,solc_version,solc_version@7}","{ARBITRARY_SEND,BLOCK_DEPENDENCE,DEPRECATED_FUNCTION,INTEGER_OVERFLOW,OUTDATED_COMPILER,OVERFLOW,UNCLASSIFIED,UNLOCKED_ETHER}",{},{},{}
samples/Split3/eth_tx_order_dependence_minimal.sol,eth_tx_order_dependence_minimal.sol,slither-0.10.4,solidity,,2024/04/30,20250908_0721,1757318350.185471,1.385828971862793,255,"{events_maths@18,reentrancy_unlimited_gas@18,reentrancy_unlimited_gas@27,solc_version,solc_version@7}","{BLOCK_DEPENDENCE,INTEGER_OVERFLOW,OUTDATED_COMPILER,OVERFLOW,REENTRANCY,UNCLASSIFIED}",{},{},{}
samples/Split3/roulette.sol,roulette.sol,slither-0.10.4,solidity,,2024/04/30,20250908_0721,1757316213.5158358,1.475569486618042,255,"{arbitrary_send_eth@15,incorrect_equality@15,solc_version,solc_version@7,timestamp@15,weak_prng@15}","{ARBITRARY_SEND,BLOCK_DEPENDENCE,INTEGER_OVERFLOW,OUTDATED_COMPILER,OVERFLOW,UNLOCKED_ETHER,WEAK_RANDOMNESS}",{},{},{}
samples/Split3/unprotected0.sol,unprotected0.sol,slither-0.10.4,solidity,,2024/04/30,20250908_0721,1757317587.8338597,0.7415139675140381,255,"{missing_zero_check@25,naming_convention@25,solc_version,solc_version@7}","{BLOCK_DEPENDENCE,INTEGER_OVERFLOW,OUTDATED_COMPILER,OVERFLOW,UNCLASSIFIED}",{},{},{}
samples/Split3/wallet_02_refund_nosub.sol,wallet_02_refund_nosub.sol,slither-0.10.4,solidity,,2024/04/30,20250908_0721,1757316617.630285,0.8231339454650879,255,"{missing_zero_check@41,reentrancy_unlimited_gas@28,solc_version,solc_version@7}","{BLOCK_DEPENDENCE,INTEGER_OVERFLOW,OUTDATED_COMPILER,OVERFLOW,REENTRANCY,UNCLASSIFIED}",{},{},{}
samples/Split3/wallet_03_wrong_constructor.sol,wallet_03_wrong_constructor.sol,slither-0.10.4,solidity,,2024/04/30,20250908_0721,1757317507.409991,0.909315824508667,255,"{missing_zero_check@36,reentrancy_unlimited_gas@28,solc_version,solc_version@7}","{BLOCK_DEPENDENCE,INTEGER_OVERFLOW,OUTDATED_COMPILER,OVERFLOW,REENTRANCY,UNCLASSIFIED}",{},{},{}
samples/Split1/etherbank.sol,etherbank.sol,smartcheck,solidity,,2022/11/14,20250907_2220,1757284403.4479666,2.8799195289611816,0,"{SOLIDITY_CALL_WITHOUT_DATA@21,SOLIDITY_DEPRECATED_CONSTRUCTIONS@10,SOLIDITY_DEPRECATED_CONSTRUCTIONS@21,SOLIDITY_PRAGMAS_VERSION@7,SOLIDITY_REVERT_REQUIRE@21,SOLIDITY_UPGRADE_TO_050@21,SOLIDITY_VISIBILITY@10,SOLIDITY_VISIBILITY@14,SOLIDITY_VISIBILITY@18,SOLIDITY_VISIBILITY@9}","{ASSERT_VIOLATION,DEFAULT_VISIBILITY,DEPRECATED_FUNCTION,LOW_LEVEL_CALL,OUTDATED_SOLC,UNINITIALIZED_STORAGE,VERSION_PRAGMA}",{},{},{}
samples/Split1/insecure_transfer.sol,insecure_transfer.sol,smartcheck,solidity,,2022/11/14,20250907_2220,1757288291.67589,2.3898634910583496,0,{SOLIDITY_PRAGMAS_VERSION@7},{VERSION_PRAGMA},{},{},{}
samples/Split1/modifier_reentrancy.sol,modifier_reentrancy.sol,smartcheck,solidity,,2022/11/14,20250907_2220,1757283678.3114123,2.4819531440734863,0,"{SOLIDITY_PRAGMAS_VERSION@7,SOLIDITY_VISIBILITY@11,SOLIDITY_VISIBILITY@38}","{DEFAULT_VISIBILITY,UNINITIALIZED_STORAGE,VERSION_PRAGMA}",{},{},{}
samples/Split1/reentrance.sol,reentrance.sol,smartcheck,solidity,,2022/11/14,20250907_2220,1757285775.3304613,3.1127758026123047,0,"{SOLIDITY_CALL_WITHOUT_DATA@24,SOLIDITY_PRAGMAS_VERSION@7,SOLIDITY_UPGRADE_TO_050@24,SOLIDITY_UPGRADE_TO_050@31}","{LOW_LEVEL_CALL,OUTDATED_SOLC,VERSION_PRAGMA}",{},{},{}
samples/Split1/reentrancy_dao.sol,reentrancy_dao.sol,smartcheck,solidity,,2022/11/14,20250907_2220,1757286461.4338846,3.018934488296509,0,"{SOLIDITY_CALL_WITHOUT_DATA@18,SOLIDITY_PRAGMAS_VERSION@7,SOLIDITY_UPGRADE_TO_050@18,SOLIDITY_VISIBILITY@10,SOLIDITY_VISIBILITY@11}","{DEFAULT_VISIBILITY,LOW_LEVEL_CALL,OUTDATED_SOLC,UNINITIALIZED_STORAGE,VERSION_PRAGMA}",{},{},{}
samples/Split1/timelock.sol,timelock.sol,smartcheck,solidity,,2022/11/14,20250907_2220,1757288289.374413,2.299985647201538,0,{SOLIDITY_PRAGMAS_VERSION@8},{VERSION_PRAGMA},{},{},{}
samples/Split1/token.sol,token.sol,smartcheck,solidity,,2022/11/14,20250907_2220,1757286181.0492024,3.021639108657837,0,"{SOLIDITY_DEPRECATED_CONSTRUCTIONS@27,SOLIDITY_PRAGMAS_VERSION@7,SOLIDITY_UINT_CANT_BE_NEGATIVE@20,SOLIDITY_VISIBILITY@11,SOLIDITY_VISIBILITY@14}","{DEFAULT_VISIBILITY,DEPRECATED_FUNCTION,INTEGER_OVERFLOW,UNINITIALIZED_STORAGE,VERSION_PRAGMA}",{},{},{}
samples/Split3/ERC20.sol,ERC20.sol,smartcheck,solidity,,2022/11/14,20250908_0721,1757318654.8765743,2.5247559547424316,0,"{SOLIDITY_ERC20_APPROVE@110,SOLIDITY_PRAGMAS_VERSION@7,SOLIDITY_PRIVATE_MODIFIER_DONT_HIDE_DATA@80,SOLIDITY_PRIVATE_MODIFIER_DONT_HIDE_DATA@82,SOLIDITY_PRIVATE_MODIFIER_DONT_HIDE_DATA@84,SOLIDITY_SAFEMATH@78,SOLIDITY_VISIBILITY@86}","{ARBITRARY_SEND,DEFAULT_VISIBILITY,UNCLASSIFIED,UNINITIALIZED_STORAGE,VERSION_PRAGMA}",{},{},{}
samples/Split3/FindThisHash.sol,FindThisHash.sol,smartcheck,solidity,,2022/11/14,20250908_0721,1757316430.1378202,3.0600829124450684,0,"{SOLIDITY_DEPRECATED_CONSTRUCTIONS@17,SOLIDITY_PRAGMAS_VERSION@7,SOLIDITY_UPGRADE_TO_050@14}","{DEPRECATED_FUNCTION,OUTDATED_SOLC,VERSION_PRAGMA}",{},{},{}
samples/Split3/eth_tx_order_dependence_minimal.sol,eth_tx_order_dependence_minimal.sol,smartcheck,solidity,,2022/11/14,20250908_0721,1757317796.1885593,3.0109024047851562,0,"{SOLIDITY_PRAGMAS_VERSION@7,SOLIDITY_VISIBILITY@27}","{DEFAULT_VISIBILITY,UNINITIALIZED_STORAGE,VERSION_PRAGMA}",{},{},{}
samples/Split3/roulette.sol,roulette.sol,smartcheck,solidity,,2022/11/14,20250908_0721,1757317713.4378693,2.1888060569763184,0,"{SOLIDITY_EXACT_TIME@18,SOLIDITY_EXACT_TIME@21,SOLIDITY_LOCKED_MONEY@9,SOLIDITY_PRAGMAS_VERSION@7,SOLIDITY_UPGRADE_TO_050@15}","{BLOCK_DEPENDENCE,DOS_GAS_LIMIT,GREEDY_CONTRACT,OUTDATED_SOLC,VERSION_PRAGMA}",{},{},{}
samples/Split3/unprotected0.sol,unprotected0.sol,smartcheck,solidity,,2022/11/14,20250908_0721,1757317799.2027144,2.412013292312622,0,"{SOLIDITY_PRAGMAS_VERSION@7,SOLIDITY_PRIVATE_MODIFIER_DONT_HIDE_DATA@10}","{DEFAULT_VISIBILITY,VERSION_PRAGMA}",{},{},{}
samples/Split3/wallet_02_refund_nosub.sol,wallet_02_refund_nosub.sol,smartcheck,solidity,,2022/11/14,20250908_0721,1757317242.873678,3.0728020668029785,0,"{SOLIDITY_PRAGMAS_VERSION@7,SOLIDITY_VISIBILITY@15,SOLIDITY_VISIBILITY@17}","{DEFAULT_VISIBILITY,UNINITIALIZED_STORAGE,VERSION_PRAGMA}",{},{},{}
samples/Split3/wallet_03_wrong_constructor.sol,wallet_03_wrong_constructor.sol,smartcheck,solidity,,2022/11/14,20250908_0721,1757317680.2400258,2.2784957885742188,0,"{SOLIDITY_PRAGMAS_VERSION@7,SOLIDITY_VISIBILITY@14,SOLIDITY_VISIBILITY@16}","{DEFAULT_VISIBILITY,UNINITIALIZED_STORAGE,VERSION_PRAGMA}",{},{},{}
samples/Split1/etherbank.sol,etherbank.sol,solhint-3.3.8,solidity,,2023/02/12,20250907_2220,1757284038.9316359,1.1416702270507812,1,"{avoid_call_value@21,avoid_low_level_calls@21,avoid_throw@21,compiler_version@7,func_visibility@10,func_visibility@14,func_visibility@18,state_visibility@9}","{DEPRECATED_FUNCTION,LOW_LEVEL_CALL,UNCLASSIFIED}",{},{EXIT_CODE_1},{}
samples/Split1/insecure_transfer.sol,insecure_transfer.sol,solhint-3.3.8,solidity,,2023/02/12,20250907_2220,1757286187.6780035,1.7303473949432373,1,"{compiler_version@7,reason_string@15}",{UNCLASSIFIED},{},{EXIT_CODE_1},{}
samples/Split1/modifier_reentrancy.sol,modifier_reentrancy.sol,solhint-3.3.8,solidity,,2023/02/12,20250907_2220,1757283673.587631,1.3211493492126465,1,"{compiler_version@7,const_name_snakecase@11,contract_name_camelcase@37,reason_string@21,reason_string@26,state_visibility@11,state_visibility@38,visibility_modifier_order@15}",{UNCLASSIFIED},{},{EXIT_CODE_1},{}
samples/Split1/reentrance.sol,reentrance.sol,solhint-3.3.8,solidity,,2023/02/12,20250907_2220,1757283682.0583723,1.1599516868591309,1,"{avoid_call_value@24,avoid_low_level_calls@24,compiler_version@7}","{LOW_LEVEL_CALL,UNCLASSIFIED}",{},{EXIT_CODE_1},{}
samples/Split1/reentrancy_dao.sol,reentrancy_dao.sol,solhint-3.3.8,solidity,,2023/02/12,20250907_2220,1757287512.1794531,1.7068169116973877,1,"{avoid_call_value@18,avoid_low_level_calls@18,compiler_version@7,reason_string@19,state_visibility@10,state_visibility@11}","{LOW_LEVEL_CALL,UNCLASSIFIED}",{},{EXIT_CODE_1},{}
samples/Split1/timelock.sol,timelock.sol,solhint-3.3.8,solidity,,2023/02/12,20250907_2220,1757284328.0506814,1.114412784576416,1,"{compiler_version@8,not_rely_on_time@17,not_rely_on_time@27,reason_string@26,reason_string@27}","{BLOCK_DEPENDENCE,UNCLASSIFIED}",{},{EXIT_CODE_1},{}
samples/Split1/token.sol,token.sol,solhint-3.3.8,solidity,,2023/02/12,20250907_2220,1757283723.9465497,1.1109225749969482,1,"{compiler_version@7,func_visibility@14,reason_string@20,state_visibility@11}",{UNCLASSIFIED},{},{EXIT_CODE_1},{}
samples/Split3/ERC20.sol,ERC20.sol,solhint-3.3.8,solidity,,2023/02/12,20250908_0721,1757317950.3795176,1.5631012916564941,1,"{compiler_version@7,func_visibility@86,reason_string@101,reason_string@102,reason_string@111,reason_string@119,reason_string@120,reason_string@121,reason_string@27,reason_string@36,reason_string@47,reason_string@58,reason_string@68}",{UNCLASSIFIED},{},{EXIT_CODE_1},{}
samples/Split3/FindThisHash.sol,FindThisHash.sol,solhint-3.3.8,solidity,,2023/02/12,20250908_0721,1757318644.1055832,1.0539016723632812,1,"{avoid_sha3@17,compiler_version@7,const_name_snakecase@10,no_empty_blocks@12,reason_string@17}","{DEPRECATED_FUNCTION,UNCLASSIFIED}",{},{EXIT_CODE_1},{}
samples/Split3/eth_tx_order_dependence_minimal.sol,eth_tx_order_dependence_minimal.sol,solhint-3.3.8,solidity,,2023/02/12,20250908_0721,1757316903.753956,1.5651030540466309,1,"{compiler_version@7,func_visibility@27,reason_string@19,reason_string@21,reason_string@28,reason_string@29,reentrancy@24,reentrancy@32}","{REENTRANCY,UNCLASSIFIED}",{},{EXIT_CODE_1},{}
samples/Split3/roulette.sol,roulette.sol,solhint-3.3.8,solidity,,2023/02/12,20250908_0721,1757317182.229146,1.0046107769012451,1,"{compiler_version@7,no_complex_fallback@15,no_empty_blocks@12,not_rely_on_time@18,not_rely_on_time@20,not_rely_on_time@21,reason_string@16,reason_string@18}","{BLOCK_DEPENDENCE,UNCLASSIFIED}",{},{EXIT_CODE_1},{}
samples/Split3/unprotected0.sol,unprotected0.sol,solhint-3.3.8,solidity,,2023/02/12,20250908_0721,1757317506.3946,1.0145766735076904,1,"{compiler_version@7,reason_string@13}",{UNCLASSIFIED},{},{EXIT_CODE_1},{}
samples/Split3/wallet_02_refund_nosub.sol,wallet_02_refund_nosub.sol,solhint-3.3.8,solidity,,2023/02/12,20250908_0721,1757318657.402842,1.1669130325317383,1,"{compiler_version@7,reason_string@29,reason_string@42,reentrancy@31,state_visibility@15,state_visibility@17}","{REENTRANCY,UNCLASSIFIED}",{},{EXIT_CODE_1},{}
samples/Split3/wallet_03_wrong_constructor.sol,wallet_03_wrong_constructor.sol,solhint-3.3.8,solidity,,2023/02/12,20250908_0721,1757317049.6436036,1.2556605339050293,1,"{compiler_version@7,reason_string@29,reason_string@37,reentrancy@31,state_visibility@14,state_visibility@16}","{REENTRANCY,UNCLASSIFIED}",{},{EXIT_CODE_1},{}
